timestamp_utc,relpath,mask_path,n_objects,total_cloud_frac,largest_area_px,largest_area_frac,largest_centroid_x,largest_centroid_y
,data/raw/2026-01-28/master/frames/himawari_20260127T223000Z.png,/home/runner/work/himawari-ml/himawari-ml/out/2026-01-28/daily/masks/himawari_20260127T223000Z_mask.png,2,0.022735595703125,884,0.01348876953125,190.28846153846155,159.76357466063348
,data/raw/2026-01-28/master/frames/himawari_20260127T224000Z.png,/home/runner/work/himawari-ml/himawari-ml/out/2026-01-28/daily/masks/himawari_20260127T224000Z_mask.png,2,0.0247039794921875,936,0.0142822265625,189.52991452991452,158.9508547008547
,data/raw/2026-01-28/master/frames/himawari_20260127T225000Z.png,/home/runner/work/himawari-ml/himawari-ml/out/2026-01-28/daily/masks/himawari_20260127T225000Z_mask.png,2,0.025787353515625,995,0.0151824951171875,188.71155778894473,158.20904522613066
,data/raw/2026-01-28/master/frames/himawari_20260127T230000Z.png,/home/runner/work/himawari-ml/himawari-ml/out/2026-01-28/daily/masks/himawari_20260127T230000Z_mask.png,2,0.0265350341796875,1035,0.0157928466796875,187.68502415458937,158.20289855072463
,data/raw/2026-01-28/master/frames/himawari_20260127T231000Z.png,/home/runner/work/himawari-ml/himawari-ml/out/2026-01-28/daily/masks/himawari_20260127T231000Z_mask.png,2,0.027679443359375,1072,0.016357421875,187.24067164179104,157.98973880597015
,data/raw/2026-01-28/master/frames/himawari_20260127T232000Z.png,/home/runner/work/himawari-ml/himawari-ml/out/2026-01-28/daily/masks/himawari_20260127T232000Z_mask.png,2,0.0286865234375,1100,0.01678466796875,186.72454545454545,157.35363636363635
,data/raw/2026-01-28/master/frames/himawari_20260127T233000Z.png,/home/runner/work/himawari-ml/himawari-ml/out/2026-01-28/daily/masks/himawari_20260127T233000Z_mask.png,2,0.0308074951171875,1165,0.0177764892578125,186.668669527897,157.30643776824036
,data/raw/2026-01-28/master/frames/himawari_20260127T234000Z.png,/home/runner/work/himawari-ml/himawari-ml/out/2026-01-28/daily/masks/himawari_20260127T234000Z_mask.png,2,0.0317535400390625,1192,0.0181884765625,186.95721476510067,156.6728187919463
,data/raw/2026-01-28/master/frames/himawari_20260127T235000Z.png,/home/runner/work/himawari-ml/himawari-ml/out/2026-01-28/daily/masks/himawari_20260127T235000Z_mask.png,2,0.0333251953125,1206,0.018402099609375,185.93781094527364,156.94444444444446
,data/raw/2026-01-28/master/frames/himawari_20260128T000000Z.png,/home/runner/work/himawari-ml/himawari-ml/out/2026-01-28/daily/masks/himawari_20260128T000000Z_mask.png,2,0.0352325439453125,1234,0.018829345703125,186.75607779578607,156.9068071312804
,data/raw/2026-01-28/master/frames/himawari_20260128T001000Z.png,/home/runner/work/himawari-ml/himawari-ml/out/2026-01-28/daily/masks/himawari_20260128T001000Z_mask.png,2,0.037628173828125,1258,0.019195556640625,186.29093799682036,156.9618441971383
,data/raw/2026-01-28/master/frames/himawari_20260128T002000Z.png,/home/runner/work/himawari-ml/himawari-ml/out/2026-01-28/daily/masks/himawari_20260128T002000Z_mask.png,2,0.0390472412109375,1470,0.022430419921875,192.39795918367346,156.50408163265305
,data/raw/2026-01-28/master/frames/himawari_20260128T003000Z.png,/home/runner/work/himawari-ml/himawari-ml/out/2026-01-28/daily/masks/himawari_20260128T003000Z_mask.png,2,0.0399322509765625,1486,0.022674560546875,191.86675639300134,156.07604306864064
,data/raw/2026-01-28/master/frames/himawari_20260128T004000Z.png,/home/runner/work/himawari-ml/himawari-ml/out/2026-01-28/daily/masks/himawari_20260128T004000Z_mask.png,3,0.042327880859375,1577,0.0240631103515625,192.86303107165503,156.29866835764108
,data/raw/2026-01-28/master/frames/himawari_20260128T005000Z.png,/home/runner/work/himawari-ml/himawari-ml/out/2026-01-28/daily/masks/himawari_20260128T005000Z_mask.png,4,0.04296875,1568,0.02392578125,192.88839285714286,156.20982142857142
,data/raw/2026-01-28/master/frames/himawari_20260128T010000Z.png,/home/runner/work/himawari-ml/himawari-ml/out/2026-01-28/daily/masks/himawari_20260128T010000Z_mask.png,3,0.04376220703125,1898,0.028961181640625,181.7687038988409,156.83614330874605
,data/raw/2026-01-28/master/frames/himawari_20260128T011000Z.png,/home/runner/work/himawari-ml/himawari-ml/out/2026-01-28/daily/masks/himawari_20260128T011000Z_mask.png,4,0.04400634765625,1580,0.02410888671875,192.13481012658227,155.83417721518987
,data/raw/2026-01-28/master/frames/himawari_20260128T012000Z.png,/home/runner/work/himawari-ml/himawari-ml/out/2026-01-28/daily/masks/himawari_20260128T012000Z_mask.png,3,0.0450897216796875,1930,0.029449462890625,181.38238341968912,156.59533678756478
,data/raw/2026-01-28/master/frames/himawari_20260128T013000Z.png,/home/runner/work/himawari-ml/himawari-ml/out/2026-01-28/daily/masks/himawari_20260128T013000Z_mask.png,3,0.0466461181640625,1989,0.0303497314453125,179.95525389643038,156.32679738562092
,data/raw/2026-01-28/master/frames/himawari_20260128T014000Z.png,/home/runner/work/himawari-ml/himawari-ml/out/2026-01-28/daily/masks/himawari_20260128T014000Z_mask.png,4,0.04876708984375,1659,0.0253143310546875,171.748643761302,156.67148884870403
,data/raw/2026-01-28/master/frames/himawari_20260128T015000Z.png,/home/runner/work/himawari-ml/himawari-ml/out/2026-01-28/daily/masks/himawari_20260128T015000Z_mask.png,4,0.050048828125,1682,0.025665283203125,171.00475624256836,156.6652794292509
,data/raw/2026-01-28/master/frames/himawari_20260128T020000Z.png,/home/runner/work/himawari-ml/himawari-ml/out/2026-01-28/daily/masks/himawari_20260128T020000Z_mask.png,4,0.0504302978515625,1643,0.0250701904296875,170.75836883749238,157.21789409616554
,data/raw/2026-01-28/master/frames/himawari_20260128T021000Z.png,/home/runner/work/himawari-ml/himawari-ml/out/2026-01-28/daily/masks/himawari_20260128T021000Z_mask.png,4,0.050140380859375,1397,0.0213165283203125,192.49821045096635,155.36077308518253
,data/raw/2026-01-28/master/frames/himawari_20260128T022000Z.png,/home/runner/work/himawari-ml/himawari-ml/out/2026-01-28/daily/masks/himawari_20260128T022000Z_mask.png,4,0.05145263671875,1343,0.0204925537109375,192.60163812360386,155.12881608339538
,data/raw/2026-01-28/master/frames/himawari_20260128T023000Z.png,/home/runner/work/himawari-ml/himawari-ml/out/2026-01-28/daily/masks/himawari_20260128T023000Z_mask.png,3,0.0518951416015625,1353,0.0206451416015625,192.72875092387287,155.55432372505544
,data/raw/2026-01-28/master/frames/himawari_20260128T025000Z.png,/home/runner/work/himawari-ml/himawari-ml/out/2026-01-28/daily/masks/himawari_20260128T025000Z_mask.png,4,0.0524749755859375,1293,0.0197296142578125,191.6187161639598,155.58700696055683
,data/raw/2026-01-28/master/frames/himawari_20260128T030000Z.png,/home/runner/work/himawari-ml/himawari-ml/out/2026-01-28/daily/masks/himawari_20260128T030000Z_mask.png,4,0.0519256591796875,1036,0.01580810546875,185.4527027027027,156.49131274131275
,data/raw/2026-01-28/master/frames/himawari_20260128T031000Z.png,/home/runner/work/himawari-ml/himawari-ml/out/2026-01-28/daily/masks/himawari_20260128T031000Z_mask.png,5,0.0514068603515625,661,0.0100860595703125,178.67019667170953,145.75794251134644
,data/raw/2026-01-28/master/frames/himawari_20260128T032000Z.png,/home/runner/work/himawari-ml/himawari-ml/out/2026-01-28/daily/masks/himawari_20260128T032000Z_mask.png,5,0.0505218505859375,629,0.0095977783203125,178.43720190779015,145.53259141494436
,data/raw/2026-01-28/master/frames/himawari_20260128T033000Z.png,/home/runner/work/himawari-ml/himawari-ml/out/2026-01-28/daily/masks/himawari_20260128T033000Z_mask.png,5,0.0492706298828125,619,0.0094451904296875,178.09208400646204,145.5525040387722
,data/raw/2026-01-28/master/frames/himawari_20260128T034000Z.png,/home/runner/work/himawari-ml/himawari-ml/out/2026-01-28/daily/masks/himawari_20260128T034000Z_mask.png,4,0.048095703125,1046,0.015960693359375,160.52581261950286,150.33460803059273
,data/raw/2026-01-28/master/frames/himawari_20260128T035000Z.png,/home/runner/work/himawari-ml/himawari-ml/out/2026-01-28/daily/masks/himawari_20260128T035000Z_mask.png,4,0.0475311279296875,1049,0.0160064697265625,160.21258341277408,150.42516682554813
,data/raw/2026-01-28/master/frames/himawari_20260128T040000Z.png,/home/runner/work/himawari-ml/himawari-ml/out/2026-01-28/daily/masks/himawari_20260128T040000Z_mask.png,3,0.0458221435546875,1024,0.015625,159.8935546875,150.7373046875
,data/raw/2026-01-28/master/frames/himawari_20260128T041000Z.png,/home/runner/work/himawari-ml/himawari-ml/out/2026-01-28/daily/masks/himawari_20260128T041000Z_mask.png,3,0.0437774658203125,974,0.014862060546875,159.72484599589322,150.73305954825463
,data/raw/2026-01-28/master/frames/himawari_20260128T042000Z.png,/home/runner/work/himawari-ml/himawari-ml/out/2026-01-28/daily/masks/himawari_20260128T042000Z_mask.png,3,0.04144287109375,947,0.0144500732421875,159.34107708553327,150.8585005279831
,data/raw/2026-01-28/master/frames/himawari_20260128T043000Z.png,/home/runner/work/himawari-ml/himawari-ml/out/2026-01-28/daily/masks/himawari_20260128T043000Z_mask.png,3,0.03857421875,808,0.0123291015625,156.85148514851485,151.65346534653466
,data/raw/2026-01-28/master/frames/himawari_20260128T044000Z.png,/home/runner/work/himawari-ml/himawari-ml/out/2026-01-28/daily/masks/himawari_20260128T044000Z_mask.png,3,0.036651611328125,715,0.0109100341796875,154.2195804195804,152.51468531468532
,data/raw/2026-01-28/master/frames/himawari_20260128T045000Z.png,/home/runner/work/himawari-ml/himawari-ml/out/2026-01-28/daily/masks/himawari_20260128T045000Z_mask.png,3,0.033966064453125,493,0.0075225830078125,142.9553752535497,156.46247464503043
,data/raw/2026-01-28/master/frames/himawari_20260128T050000Z.png,/home/runner/work/himawari-ml/himawari-ml/out/2026-01-28/daily/masks/himawari_20260128T050000Z_mask.png,3,0.0293731689453125,462,0.007049560546875,142.16450216450215,156.75108225108224
,data/raw/2026-01-28/master/frames/himawari_20260128T051000Z.png,/home/runner/work/himawari-ml/himawari-ml/out/2026-01-28/daily/masks/himawari_20260128T051000Z_mask.png,3,0.024322509765625,287,0.0043792724609375,76.53310104529616,138.9512195121951
,data/raw/2026-01-28/master/frames/himawari_20260128T052000Z.png,/home/runner/work/himawari-ml/himawari-ml/out/2026-01-28/daily/masks/himawari_20260128T052000Z_mask.png,1,0.022216796875,318,0.004852294921875,75.30188679245283,137.99056603773585
,data/raw/2026-01-28/master/frames/himawari_20260128T053000Z.png,/home/runner/work/himawari-ml/himawari-ml/out/2026-01-28/daily/masks/himawari_20260128T053000Z_mask.png,1,0.0199432373046875,315,0.0048065185546875,75.2031746031746,138.01904761904763
,data/raw/2026-01-28/master/frames/himawari_20260128T054000Z.png,/home/runner/work/himawari-ml/himawari-ml/out/2026-01-28/daily/masks/himawari_20260128T054000Z_mask.png,1,0.0200958251953125,298,0.004547119140625,76.06375838926175,139.13087248322148
,data/raw/2026-01-28/master/frames/himawari_20260128T055000Z.png,/home/runner/work/himawari-ml/himawari-ml/out/2026-01-28/daily/masks/himawari_20260128T055000Z_mask.png,1,0.0191497802734375,337,0.0051422119140625,75.4272997032641,139.29970326409494
,data/raw/2026-01-28/master/frames/himawari_20260128T060000Z.png,/home/runner/work/himawari-ml/himawari-ml/out/2026-01-28/daily/masks/himawari_20260128T060000Z_mask.png,1,0.01763916015625,264,0.0040283203125,75.73106060606061,137.6969696969697
,data/raw/2026-01-28/master/frames/himawari_20260128T061000Z.png,/home/runner/work/himawari-ml/himawari-ml/out/2026-01-28/daily/masks/himawari_20260128T061000Z_mask.png,0,0.016204833984375,0,0.0,,
,data/raw/2026-01-28/master/frames/himawari_20260128T062000Z.png,/home/runner/work/himawari-ml/himawari-ml/out/2026-01-28/daily/masks/himawari_20260128T062000Z_mask.png,0,0.01458740234375,0,0.0,,
,data/raw/2026-01-28/master/frames/himawari_20260128T063000Z.png,/home/runner/work/himawari-ml/himawari-ml/out/2026-01-28/daily/masks/himawari_20260128T063000Z_mask.png,0,0.0132904052734375,0,0.0,,
,data/raw/2026-01-28/master/frames/himawari_20260128T064000Z.png,/home/runner/work/himawari-ml/himawari-ml/out/2026-01-28/daily/masks/himawari_20260128T064000Z_mask.png,0,0.012176513671875,0,0.0,,
,data/raw/2026-01-28/master/frames/himawari_20260128T065000Z.png,/home/runner/work/himawari-ml/himawari-ml/out/2026-01-28/daily/masks/himawari_20260128T065000Z_mask.png,0,0.0107269287109375,0,0.0,,
,data/raw/2026-01-28/master/frames/himawari_20260128T070000Z.png,/home/runner/work/himawari-ml/himawari-ml/out/2026-01-28/daily/masks/himawari_20260128T070000Z_mask.png,1,0.0094451904296875,290,0.004425048828125,43.289655172413795,148.58965517241379
,data/raw/2026-01-28/master/frames/himawari_20260128T071000Z.png,/home/runner/work/himawari-ml/himawari-ml/out/2026-01-28/daily/masks/himawari_20260128T071000Z_mask.png,1,0.00762939453125,307,0.0046844482421875,43.31270358306189,148.1628664495114
,data/raw/2026-01-28/master/frames/himawari_20260128T072000Z.png,/home/runner/work/himawari-ml/himawari-ml/out/2026-01-28/daily/masks/himawari_20260128T072000Z_mask.png,0,0.006805419921875,0,0.0,,
,data/raw/2026-01-28/master/frames/himawari_20260128T073000Z.png,/home/runner/work/himawari-ml/himawari-ml/out/2026-01-28/daily/masks/himawari_20260128T073000Z_mask.png,0,0.0057220458984375,0,0.0,,
,data/raw/2026-01-28/master/frames/himawari_20260128T074000Z.png,/home/runner/work/himawari-ml/himawari-ml/out/2026-01-28/daily/masks/himawari_20260128T074000Z_mask.png,0,0.0046844482421875,0,0.0,,
,data/raw/2026-01-28/master/frames/himawari_20260128T075000Z.png,/home/runner/work/himawari-ml/himawari-ml/out/2026-01-28/daily/masks/himawari_20260128T075000Z_mask.png,0,0.0037078857421875,0,0.0,,
,data/raw/2026-01-28/master/frames/himawari_20260128T080000Z.png,/home/runner/work/himawari-ml/himawari-ml/out/2026-01-28/daily/masks/himawari_20260128T080000Z_mask.png,0,0.003753662109375,0,0.0,,
,data/raw/2026-01-28/master/frames/himawari_20260128T081000Z.png,/home/runner/work/himawari-ml/himawari-ml/out/2026-01-28/daily/masks/himawari_20260128T081000Z_mask.png,0,0.0035552978515625,0,0.0,,
,data/raw/2026-01-28/master/frames/himawari_20260128T082000Z.png,/home/runner/work/himawari-ml/himawari-ml/out/2026-01-28/daily/masks/himawari_20260128T082000Z_mask.png,0,0.0034637451171875,0,0.0,,
,data/raw/2026-01-28/master/frames/himawari_20260128T083000Z.png,/home/runner/work/himawari-ml/himawari-ml/out/2026-01-28/daily/masks/himawari_20260128T083000Z_mask.png,0,0.0029296875,0,0.0,,
,data/raw/2026-01-28/master/frames/himawari_20260128T084000Z.png,/home/runner/work/himawari-ml/himawari-ml/out/2026-01-28/daily/masks/himawari_20260128T084000Z_mask.png,0,0.002197265625,0,0.0,,
,data/raw/2026-01-28/master/frames/himawari_20260128T085000Z.png,/home/runner/work/himawari-ml/himawari-ml/out/2026-01-28/daily/masks/himawari_20260128T085000Z_mask.png,0,0.0015411376953125,0,0.0,,
,data/raw/2026-01-28/master/frames/himawari_20260128T090000Z.png,/home/runner/work/himawari-ml/himawari-ml/out/2026-01-28/daily/masks/himawari_20260128T090000Z_mask.png,0,0.001251220703125,0,0.0,,
,data/raw/2026-01-28/master/frames/himawari_20260128T091000Z.png,/home/runner/work/himawari-ml/himawari-ml/out/2026-01-28/daily/masks/himawari_20260128T091000Z_mask.png,0,0.0007171630859375,0,0.0,,
,data/raw/2026-01-28/master/frames/himawari_20260128T092000Z.png,/home/runner/work/himawari-ml/himawari-ml/out/2026-01-28/daily/masks/himawari_20260128T092000Z_mask.png,0,0.0004425048828125,0,0.0,,
,data/raw/2026-01-28/master/frames/himawari_20260128T093000Z.png,/home/runner/work/himawari-ml/himawari-ml/out/2026-01-28/daily/masks/himawari_20260128T093000Z_mask.png,0,0.0003204345703125,0,0.0,,
,data/raw/2026-01-28/master/frames/himawari_20260128T094000Z.png,/home/runner/work/himawari-ml/himawari-ml/out/2026-01-28/daily/masks/himawari_20260128T094000Z_mask.png,0,0.0002288818359375,0,0.0,,
,data/raw/2026-01-28/master/frames/himawari_20260128T095000Z.png,/home/runner/work/himawari-ml/himawari-ml/out/2026-01-28/daily/masks/himawari_20260128T095000Z_mask.png,0,0.0002288818359375,0,0.0,,
,data/raw/2026-01-28/master/frames/himawari_20260128T100000Z.png,/home/runner/work/himawari-ml/himawari-ml/out/2026-01-28/daily/masks/himawari_20260128T100000Z_mask.png,0,0.0002288818359375,0,0.0,,
,data/raw/2026-01-28/master/frames/himawari_20260128T101000Z.png,/home/runner/work/himawari-ml/himawari-ml/out/2026-01-28/daily/masks/himawari_20260128T101000Z_mask.png,0,0.0008544921875,0,0.0,,
,data/raw/2026-01-28/master/frames/himawari_20260128T102000Z.png,/home/runner/work/himawari-ml/himawari-ml/out/2026-01-28/daily/masks/himawari_20260128T102000Z_mask.png,0,0.0015106201171875,0,0.0,,
,data/raw/2026-01-28/master/frames/himawari_20260128T103000Z.png,/home/runner/work/himawari-ml/himawari-ml/out/2026-01-28/daily/masks/himawari_20260128T103000Z_mask.png,0,0.0031890869140625,0,0.0,,
,data/raw/2026-01-28/master/frames/himawari_20260128T104000Z.png,/home/runner/work/himawari-ml/himawari-ml/out/2026-01-28/daily/masks/himawari_20260128T104000Z_mask.png,0,0.0035858154296875,0,0.0,,
,data/raw/2026-01-28/master/frames/himawari_20260128T105000Z.png,/home/runner/work/himawari-ml/himawari-ml/out/2026-01-28/daily/masks/himawari_20260128T105000Z_mask.png,0,0.0044708251953125,0,0.0,,
,data/raw/2026-01-28/master/frames/himawari_20260128T110000Z.png,/home/runner/work/himawari-ml/himawari-ml/out/2026-01-28/daily/masks/himawari_20260128T110000Z_mask.png,0,0.005035400390625,0,0.0,,
,data/raw/2026-01-28/master/frames/himawari_20260128T111000Z.png,/home/runner/work/himawari-ml/himawari-ml/out/2026-01-28/daily/masks/himawari_20260128T111000Z_mask.png,0,0.00518798828125,0,0.0,,
,data/raw/2026-01-28/master/frames/himawari_20260128T112000Z.png,/home/runner/work/himawari-ml/himawari-ml/out/2026-01-28/daily/masks/himawari_20260128T112000Z_mask.png,0,0.0053253173828125,0,0.0,,
,data/raw/2026-01-28/master/frames/himawari_20260128T113000Z.png,/home/runner/work/himawari-ml/himawari-ml/out/2026-01-28/daily/masks/himawari_20260128T113000Z_mask.png,0,0.00567626953125,0,0.0,,
,data/raw/2026-01-28/master/frames/himawari_20260128T114000Z.png,/home/runner/work/himawari-ml/himawari-ml/out/2026-01-28/daily/masks/himawari_20260128T114000Z_mask.png,0,0.00640869140625,0,0.0,,
,data/raw/2026-01-28/master/frames/himawari_20260128T115000Z.png,/home/runner/work/himawari-ml/himawari-ml/out/2026-01-28/daily/masks/himawari_20260128T115000Z_mask.png,1,0.0071563720703125,457,0.0069732666015625,28.975929978118163,195.95623632385121
,data/raw/2026-01-28/master/frames/himawari_20260128T120000Z.png,/home/runner/work/himawari-ml/himawari-ml/out/2026-01-28/daily/masks/himawari_20260128T120000Z_mask.png,1,0.0080108642578125,501,0.0076446533203125,28.51696606786427,196.25948103792416
,data/raw/2026-01-28/master/frames/himawari_20260128T121000Z.png,/home/runner/work/himawari-ml/himawari-ml/out/2026-01-28/daily/masks/himawari_20260128T121000Z_mask.png,1,0.007537841796875,445,0.0067901611328125,30.202247191011235,199.78426966292136
,data/raw/2026-01-28/master/frames/himawari_20260128T122000Z.png,/home/runner/work/himawari-ml/himawari-ml/out/2026-01-28/daily/masks/himawari_20260128T122000Z_mask.png,1,0.006683349609375,402,0.006134033203125,31.380597014925375,201.97014925373134
,data/raw/2026-01-28/master/frames/himawari_20260128T123000Z.png,/home/runner/work/himawari-ml/himawari-ml/out/2026-01-28/daily/masks/himawari_20260128T123000Z_mask.png,0,0.0049591064453125,0,0.0,,
,data/raw/2026-01-28/master/frames/himawari_20260128T124000Z.png,/home/runner/work/himawari-ml/himawari-ml/out/2026-01-28/daily/masks/himawari_20260128T124000Z_mask.png,0,0.002685546875,0,0.0,,
,data/raw/2026-01-28/master/frames/himawari_20260128T125000Z.png,/home/runner/work/himawari-ml/himawari-ml/out/2026-01-28/daily/masks/himawari_20260128T125000Z_mask.png,0,0.0020599365234375,0,0.0,,
,data/raw/2026-01-28/master/frames/himawari_20260128T130000Z.png,/home/runner/work/himawari-ml/himawari-ml/out/2026-01-28/daily/masks/himawari_20260128T130000Z_mask.png,0,0.00103759765625,0,0.0,,
,data/raw/2026-01-28/master/frames/himawari_20260128T131000Z.png,/home/runner/work/himawari-ml/himawari-ml/out/2026-01-28/daily/masks/himawari_20260128T131000Z_mask.png,0,0.0,0,0.0,,
,data/raw/2026-01-28/master/frames/himawari_20260128T132000Z.png,/home/runner/work/himawari-ml/himawari-ml/out/2026-01-28/daily/masks/himawari_20260128T132000Z_mask.png,0,0.0,0,0.0,,
,data/raw/2026-01-28/master/frames/himawari_20260128T133000Z.png,/home/runner/work/himawari-ml/himawari-ml/out/2026-01-28/daily/masks/himawari_20260128T133000Z_mask.png,0,0.0,0,0.0,,
,data/raw/2026-01-28/master/frames/himawari_20260128T134000Z.png,/home/runner/work/himawari-ml/himawari-ml/out/2026-01-28/daily/masks/himawari_20260128T134000Z_mask.png,0,0.0,0,0.0,,
,data/raw/2026-01-28/master/frames/himawari_20260128T135000Z.png,/home/runner/work/himawari-ml/himawari-ml/out/2026-01-28/daily/masks/himawari_20260128T135000Z_mask.png,0,0.0,0,0.0,,
,data/raw/2026-01-28/master/frames/himawari_20260128T140000Z.png,/home/runner/work/himawari-ml/himawari-ml/out/2026-01-28/daily/masks/himawari_20260128T140000Z_mask.png,0,0.0,0,0.0,,
,data/raw/2026-01-28/master/frames/himawari_20260128T141000Z.png,/home/runner/work/himawari-ml/himawari-ml/out/2026-01-28/daily/masks/himawari_20260128T141000Z_mask.png,0,0.0,0,0.0,,
,data/raw/2026-01-28/master/frames/himawari_20260128T142000Z.png,/home/runner/work/himawari-ml/himawari-ml/out/2026-01-28/daily/masks/himawari_20260128T142000Z_mask.png,0,0.0,0,0.0,,
,data/raw/2026-01-28/master/frames/himawari_20260128T143000Z.png,/home/runner/work/himawari-ml/himawari-ml/out/2026-01-28/daily/masks/himawari_20260128T143000Z_mask.png,0,0.0,0,0.0,,
,data/raw/2026-01-28/master/frames/himawari_20260128T145000Z.png,/home/runner/work/himawari-ml/himawari-ml/out/2026-01-28/daily/masks/himawari_20260128T145000Z_mask.png,0,0.0,0,0.0,,
,data/raw/2026-01-28/master/frames/himawari_20260128T150000Z.png,/home/runner/work/himawari-ml/himawari-ml/out/2026-01-28/daily/masks/himawari_20260128T150000Z_mask.png,0,0.0,0,0.0,,
,data/raw/2026-01-28/master/frames/himawari_20260128T151000Z.png,/home/runner/work/himawari-ml/himawari-ml/out/2026-01-28/daily/masks/himawari_20260128T151000Z_mask.png,0,0.0,0,0.0,,
,data/raw/2026-01-28/master/frames/himawari_20260128T152000Z.png,/home/runner/work/himawari-ml/himawari-ml/out/2026-01-28/daily/masks/himawari_20260128T152000Z_mask.png,0,0.0,0,0.0,,
,data/raw/2026-01-28/master/frames/himawari_20260128T153000Z.png,/home/runner/work/himawari-ml/himawari-ml/out/2026-01-28/daily/masks/himawari_20260128T153000Z_mask.png,0,0.0,0,0.0,,
,data/raw/2026-01-28/master/frames/himawari_20260128T154000Z.png,/home/runner/work/himawari-ml/himawari-ml/out/2026-01-28/daily/masks/himawari_20260128T154000Z_mask.png,0,0.0,0,0.0,,
,data/raw/2026-01-28/master/frames/himawari_20260128T155000Z.png,/home/runner/work/himawari-ml/himawari-ml/out/2026-01-28/daily/masks/himawari_20260128T155000Z_mask.png,0,0.0,0,0.0,,
,data/raw/2026-01-28/master/frames/himawari_20260128T160000Z.png,/home/runner/work/himawari-ml/himawari-ml/out/2026-01-28/daily/masks/himawari_20260128T160000Z_mask.png,0,0.0,0,0.0,,
,data/raw/2026-01-28/master/frames/himawari_20260128T161000Z.png,/home/runner/work/himawari-ml/himawari-ml/out/2026-01-28/daily/masks/himawari_20260128T161000Z_mask.png,0,0.0001373291015625,0,0.0,,
,data/raw/2026-01-28/master/frames/himawari_20260128T162000Z.png,/home/runner/work/himawari-ml/himawari-ml/out/2026-01-28/daily/masks/himawari_20260128T162000Z_mask.png,0,0.0022430419921875,0,0.0,,
,data/raw/2026-01-28/master/frames/himawari_20260128T163000Z.png,/home/runner/work/himawari-ml/himawari-ml/out/2026-01-28/daily/masks/himawari_20260128T163000Z_mask.png,0,0.0037384033203125,0,0.0,,
,data/raw/2026-01-28/master/frames/himawari_20260128T164000Z.png,/home/runner/work/himawari-ml/himawari-ml/out/2026-01-28/daily/masks/himawari_20260128T164000Z_mask.png,0,0.004852294921875,0,0.0,,
,data/raw/2026-01-28/master/frames/himawari_20260128T165000Z.png,/home/runner/work/himawari-ml/himawari-ml/out/2026-01-28/daily/masks/himawari_20260128T165000Z_mask.png,0,0.006103515625,0,0.0,,
,data/raw/2026-01-28/master/frames/himawari_20260128T170000Z.png,/home/runner/work/himawari-ml/himawari-ml/out/2026-01-28/daily/masks/himawari_20260128T170000Z_mask.png,1,0.0072784423828125,404,0.00616455078125,216.91584158415841,209.94554455445544
,data/raw/2026-01-28/master/frames/himawari_20260128T171000Z.png,/home/runner/work/himawari-ml/himawari-ml/out/2026-01-28/daily/masks/himawari_20260128T171000Z_mask.png,1,0.0077972412109375,416,0.00634765625,216.48557692307693,210.10576923076923
,data/raw/2026-01-28/master/frames/himawari_20260128T172000Z.png,/home/runner/work/himawari-ml/himawari-ml/out/2026-01-28/daily/masks/himawari_20260128T172000Z_mask.png,1,0.0080108642578125,398,0.006072998046875,216.28643216080403,210.16582914572865
,data/raw/2026-01-28/master/frames/himawari_20260128T173000Z.png,/home/runner/work/himawari-ml/himawari-ml/out/2026-01-28/daily/masks/himawari_20260128T173000Z_mask.png,0,0.007659912109375,0,0.0,,
,data/raw/2026-01-28/master/frames/himawari_20260128T174000Z.png,/home/runner/work/himawari-ml/himawari-ml/out/2026-01-28/daily/masks/himawari_20260128T174000Z_mask.png,0,0.0067596435546875,0,0.0,,
,data/raw/2026-01-28/master/frames/himawari_20260128T175000Z.png,/home/runner/work/himawari-ml/himawari-ml/out/2026-01-28/daily/masks/himawari_20260128T175000Z_mask.png,0,0.0065765380859375,0,0.0,,
,data/raw/2026-01-28/master/frames/himawari_20260128T180000Z.png,/home/runner/work/himawari-ml/himawari-ml/out/2026-01-28/daily/masks/himawari_20260128T180000Z_mask.png,0,0.0069427490234375,0,0.0,,
,data/raw/2026-01-28/master/frames/himawari_20260128T181000Z.png,/home/runner/work/himawari-ml/himawari-ml/out/2026-01-28/daily/masks/himawari_20260128T181000Z_mask.png,0,0.00714111328125,0,0.0,,
,data/raw/2026-01-28/master/frames/himawari_20260128T182000Z.png,/home/runner/work/himawari-ml/himawari-ml/out/2026-01-28/daily/masks/himawari_20260128T182000Z_mask.png,0,0.007293701171875,0,0.0,,
,data/raw/2026-01-28/master/frames/himawari_20260128T183000Z.png,/home/runner/work/himawari-ml/himawari-ml/out/2026-01-28/daily/masks/himawari_20260128T183000Z_mask.png,0,0.0050811767578125,0,0.0,,
,data/raw/2026-01-28/master/frames/himawari_20260128T184000Z.png,/home/runner/work/himawari-ml/himawari-ml/out/2026-01-28/daily/masks/himawari_20260128T184000Z_mask.png,0,0.0043487548828125,0,0.0,,
,data/raw/2026-01-28/master/frames/himawari_20260128T185000Z.png,/home/runner/work/himawari-ml/himawari-ml/out/2026-01-28/daily/masks/himawari_20260128T185000Z_mask.png,0,0.0044097900390625,0,0.0,,
,data/raw/2026-01-28/master/frames/himawari_20260128T190000Z.png,/home/runner/work/himawari-ml/himawari-ml/out/2026-01-28/daily/masks/himawari_20260128T190000Z_mask.png,0,0.003692626953125,0,0.0,,
,data/raw/2026-01-28/master/frames/himawari_20260128T191000Z.png,/home/runner/work/himawari-ml/himawari-ml/out/2026-01-28/daily/masks/himawari_20260128T191000Z_mask.png,0,0.0036773681640625,0,0.0,,
,data/raw/2026-01-28/master/frames/himawari_20260128T192000Z.png,/home/runner/work/himawari-ml/himawari-ml/out/2026-01-28/daily/masks/himawari_20260128T192000Z_mask.png,0,0.00341796875,0,0.0,,
,data/raw/2026-01-28/master/frames/himawari_20260128T193000Z.png,/home/runner/work/himawari-ml/himawari-ml/out/2026-01-28/daily/masks/himawari_20260128T193000Z_mask.png,0,0.00335693359375,0,0.0,,
,data/raw/2026-01-28/master/frames/himawari_20260128T194000Z.png,/home/runner/work/himawari-ml/himawari-ml/out/2026-01-28/daily/masks/himawari_20260128T194000Z_mask.png,0,0.0036773681640625,0,0.0,,
,data/raw/2026-01-28/master/frames/himawari_20260128T195000Z.png,/home/runner/work/himawari-ml/himawari-ml/out/2026-01-28/daily/masks/himawari_20260128T195000Z_mask.png,0,0.0038909912109375,0,0.0,,
,data/raw/2026-01-28/master/frames/himawari_20260128T200000Z.png,/home/runner/work/himawari-ml/himawari-ml/out/2026-01-28/daily/masks/himawari_20260128T200000Z_mask.png,0,0.00445556640625,0,0.0,,
